"SPECIES","GENEID","SCORE"
"drosophila","10178890",0.0555555555555556
"drosophila","12798405",0.0555555555555556
"drosophila","12798583",0.0555555555555556
"drosophila","14462762",0.0555555555555556
"drosophila","30522410",0.0555555555555556
"drosophila","318936",0.0555555555555556
"drosophila","318942",0.0555555555555556
"drosophila","32685",0.0555555555555556
"drosophila","32713",0.0555555555555556
"drosophila","3355102",0.0555555555555556
"drosophila","34621",0.0555555555555556
"drosophila","36195",0.0555555555555556
"drosophila","37728",0.0555555555555556
"drosophila","37735",0.0555555555555556
"drosophila","38409",0.0555555555555556
"drosophila","39704",0.0555555555555556
"drosophila","39712",0.0555555555555556
"drosophila","42381",0.0555555555555556
"drosophila","50133",0.0555555555555556
"drosophila","54520428",0.0555555555555556
"drosophila","43202",0.05
"drosophila","19893555",0.0486111111111111
"drosophila","19893542",0.047979797979798
"drosophila","50039",0.0462962962962963
"drosophila","10178949",0.0436507936507936
"drosophila","19893552",0.0436507936507936
"drosophila","41767",0.0436507936507936
"drosophila","43157",0.0436507936507936
"drosophila","47901",0.0436507936507936
"drosophila","8673962",0.0436507936507936
"drosophila","192506",0.0416666666666667
"drosophila","3355108",0.0416666666666667
"drosophila","48316",0.0408496732026144
"drosophila","3346142",0.0404040404040404
"drosophila","12798106",0.0388888888888889
"drosophila","12798341",0.0388888888888889
"drosophila","19893538",0.0388888888888889
"drosophila","318989",0.0388888888888889
"drosophila","36576",0.0388888888888889
"drosophila","38702",0.0388888888888889
"drosophila","38703",0.0388888888888889
"drosophila","39462",0.0388888888888889
"drosophila","4379891",0.0388888888888889
"drosophila","59159",0.0388888888888889
"drosophila","38620",0.0376984126984127
"drosophila","34472",0.0370991797166294
"drosophila","5740714",0.037037037037037
"drosophila","32194",0.0363247863247863
"drosophila","3354890",0.0354406130268199
"drosophila","12797876",0.0347222222222222
"drosophila","19835366",0.0347222222222222
"drosophila","326108",0.0347222222222222
"drosophila","39545",0.0347222222222222
"drosophila","5740196",0.0347222222222222
"drosophila","7354382",0.0347222222222222
"drosophila","38554",0.0337606837606838
"drosophila","39326",0.0336805555555556
"drosophila","36943",0.033625730994152
"drosophila","34471",0.0333333333333333
"drosophila","319014",0.0329286239882266
"drosophila","12798107",0.0328282828282828
"drosophila","246668",0.0328282828282828
"drosophila","31700",0.0328282828282828
"drosophila","36196",0.0328282828282828
"drosophila","41758",0.0328282828282828
"drosophila","19893539",0.0322222222222222
"drosophila","3355124",0.0310457516339869
"drosophila","36944",0.0310457516339869
"drosophila","19893558",0.0307807807807808
"drosophila","35076",0.0299145299145299
"drosophila","3355143",0.0285285285285285
"drosophila","8674097",0.0283816425120773
"drosophila","43771",0.0277777777777778
"drosophila","10178787",0.0277777777777778
"drosophila","10178910",0.0277777777777778
"drosophila","117464",0.0277777777777778
"drosophila","12797993",0.0277777777777778
"drosophila","12798253",0.0277777777777778
"drosophila","12798518",0.0277777777777778
"drosophila","14462464",0.0277777777777778
"drosophila","14462470",0.0277777777777778
"drosophila","14462512",0.0277777777777778
"drosophila","14462596",0.0277777777777778
"drosophila","14462678",0.0277777777777778
"drosophila","14462740",0.0277777777777778
"drosophila","14462757",0.0277777777777778
"drosophila","14462795",0.0277777777777778
"drosophila","14462810",0.0277777777777778
"drosophila","14462851",0.0277777777777778
"drosophila","14462862",0.0277777777777778
"drosophila","19834892",0.0277777777777778
"drosophila","19835307",0.0277777777777778
"drosophila","19835488",0.0277777777777778
"drosophila","19835635",0.0277777777777778
"drosophila","19835885",0.0277777777777778
"drosophila","246398",0.0277777777777778
"drosophila","246404",0.0277777777777778
"drosophila","246434",0.0277777777777778
"drosophila","246634",0.0277777777777778
"drosophila","2768958",0.0277777777777778
"drosophila","2768982",0.0277777777777778
"drosophila","2768983",0.0277777777777778
"drosophila","31483",0.0277777777777778
"drosophila","317955",0.0277777777777778
"drosophila","318193",0.0277777777777778
"drosophila","32007",0.0277777777777778
"drosophila","32711",0.0277777777777778
"drosophila","32719",0.0277777777777778
"drosophila","33214",0.0277777777777778
"drosophila","33515",0.0277777777777778
"drosophila","3355120",0.0277777777777778
"drosophila","3355132",0.0277777777777778
"drosophila","3355149",0.0277777777777778
"drosophila","33708",0.0277777777777778
"drosophila","35853",0.0277777777777778
"drosophila","36186",0.0277777777777778
"drosophila","36221",0.0277777777777778
"drosophila","36387",0.0277777777777778
"drosophila","37267",0.0277777777777778
"drosophila","37312",0.0277777777777778
"drosophila","3772289",0.0277777777777778
"drosophila","3772524",0.0277777777777778
"drosophila","37841",0.0277777777777778
"drosophila","38584",0.0277777777777778
"drosophila","3885636",0.0277777777777778
"drosophila","39205",0.0277777777777778
"drosophila","39602",0.0277777777777778
"drosophila","39700",0.0277777777777778
"drosophila","39710",0.0277777777777778
"drosophila","39882",0.0277777777777778
"drosophila","41200",0.0277777777777778
"drosophila","41202",0.0277777777777778
"drosophila","41773",0.0277777777777778
"drosophila","42470",0.0277777777777778
"drosophila","43118",0.0277777777777778
"drosophila","43122",0.0277777777777778
"drosophila","43160",0.0277777777777778
"drosophila","43251",0.0277777777777778
"drosophila","44481",0.0277777777777778
"drosophila","44482",0.0277777777777778
"drosophila","45017",0.0277777777777778
"drosophila","46040",0.0277777777777778
"drosophila","48343",0.0277777777777778
"drosophila","50192",0.0277777777777778
"drosophila","50227",0.0277777777777778
"drosophila","50428",0.0277777777777778
"drosophila","54520439",0.0277777777777778
"drosophila","5740143",0.0277777777777778
"drosophila","5740205",0.0277777777777778
"drosophila","5740583",0.0277777777777778
"drosophila","5740784",0.0277777777777778
"drosophila","8673980",0.0277777777777778
"drosophila","8674013",0.0277777777777778
"drosophila","8674059",0.0277777777777778
"drosophila","8674064",0.0277777777777778
"drosophila","31526",0.0269485903814262
"drosophila","35480",0.0264094143404488
"drosophila","35211",0.0260196905766526
"drosophila","317909",0.0255555555555556
"drosophila","38575",0.0255555555555556
"drosophila","41493",0.0252525252525253
"drosophila","5740542",0.0252525252525253
"drosophila","39601",0.025027502750275
"drosophila","246646",0.0248538011695906
"drosophila","3355041",0.0248538011695906
"drosophila","3355135",0.0248538011695906
"drosophila","37982",0.0248538011695906
"drosophila","40486",0.0248538011695906
"drosophila","14462900",0.0243055555555556
"drosophila","35245",0.0243055555555556
"drosophila","43207",0.0243055555555556
"drosophila","318778",0.0239463601532567
"drosophila","117462",0.0235042735042735
"drosophila","19835569",0.0235042735042735
"drosophila","2768844",0.0235042735042735
"drosophila","34433",0.0235042735042735
"drosophila","34470",0.0235042735042735
"drosophila","36271",0.0235042735042735
"drosophila","38440",0.0235042735042735
"drosophila","38683",0.0235042735042735
"drosophila","3885590",0.0235042735042735
"drosophila","43820",0.0235042735042735
"drosophila","43782",0.0232426303854875
"drosophila","32593",0.0230034722222222
"drosophila","42098",0.0229468599033816
"drosophila","3355013",0.0225366876310273
"drosophila","2768951",0.0224867724867725
"drosophila","10178785",0.0222222222222222
"drosophila","12797949",0.0222222222222222
"drosophila","12798254",0.0222222222222222
"drosophila","246608",0.0222222222222222
"drosophila","26067050",0.0222222222222222
"drosophila","30981",0.0222222222222222
"drosophila","34704",0.0222222222222222
"drosophila","35101",0.0222222222222222
"drosophila","3772419",0.0222222222222222
"drosophila","38389",0.0222222222222222
"drosophila","38680",0.0222222222222222
"drosophila","3885627",0.0222222222222222
"drosophila","39599",0.0222222222222222
"drosophila","39805",0.0222222222222222
"drosophila","42464",0.0222222222222222
"drosophila","43203",0.0222222222222222
"drosophila","43205",0.0222222222222222
"drosophila","43544",0.0222222222222222
"drosophila","43824",0.0222222222222222
"drosophila","5740115",0.0222222222222222
"drosophila","5740811",0.0222222222222222
"drosophila","8673967",0.0222222222222222
"drosophila","43797",0.021640826873385
"drosophila","3355066",0.0214646464646465
"drosophila","43836",0.0212698412698413
"drosophila","117492",0.0212418300653595
"drosophila","19835571",0.0212418300653595
"drosophila","2768952",0.0212418300653595
"drosophila","2768988",0.0212418300653595
"drosophila","31032",0.0212418300653595
"drosophila","317823",0.0212418300653595
"drosophila","317917",0.0212418300653595
"drosophila","33846",0.0212418300653595
"drosophila","3772111",0.0212418300653595
"drosophila","26067055",0.0211352657004831
"drosophila","49968",0.0210027100271003
"drosophila","3354919",0.0210027100271003
"drosophila","19835594",0.0208333333333333
"drosophila","246395",0.0208333333333333
"drosophila","317938",0.0208333333333333
"drosophila","3354925",0.0208333333333333
"drosophila","3772188",0.0208333333333333
"drosophila","2768980",0.0208155726058539
"drosophila","117366",0.0206093189964158
"drosophila","317817",0.0206093189964158
"drosophila","36532",0.0206093189964158
"drosophila","3354896",0.020568278201866
"drosophila","5740846",0.0205314009661836
"drosophila","36269",0.0204678362573099
"drosophila","43262",0.0202448210922787
"drosophila","43781",0.019893255701116
"drosophila","117459",0.0198412698412698
"drosophila","12797953",0.0198412698412698
"drosophila","12798466",0.0198412698412698
"drosophila","12798530",0.0198412698412698
"drosophila","14462714",0.0198412698412698
"drosophila","19834823",0.0198412698412698
"drosophila","246551",0.0198412698412698
"drosophila","30522408",0.0198412698412698
"drosophila","318105",0.0198412698412698
"drosophila","32453",0.0198412698412698
"drosophila","32892",0.0198412698412698
"drosophila","33706",0.0198412698412698
"human","100127889",0.0555555555555556
"human","100129792",0.0555555555555556
"human","100132146",0.0555555555555556
"human","100288323",0.0555555555555556
"human","100337616",0.0555555555555556
"human","100505876",0.0555555555555556
"human","1070",0.0555555555555556
"human","10896",0.0555555555555556
"human","11015",0.0555555555555556
"human","118924",0.0555555555555556
"human","144363",0.0555555555555556
"human","1470",0.0555555555555556
"human","165679",0.0555555555555556
"human","1670",0.0555555555555556
"human","2171",0.0555555555555556
"human","222659",0.0555555555555556
"human","245909",0.0555555555555556
"human","245939",0.0555555555555556
"human","246184",0.0555555555555556
"human","254950",0.0555555555555556
"human","255349",0.0555555555555556
"human","2792",0.0555555555555556
"human","285965",0.0555555555555556
"human","305",0.0555555555555556
"human","337967",0.0555555555555556
"human","337968",0.0555555555555556
"human","337970",0.0555555555555556
"human","337972",0.0555555555555556
"human","337973",0.0555555555555556
"human","337974",0.0555555555555556
"human","337975",0.0555555555555556
"human","337976",0.0555555555555556
"human","337977",0.0555555555555556
"human","337978",0.0555555555555556
"human","337979",0.0555555555555556
"human","337985",0.0555555555555556
"human","344901",0.0555555555555556
"human","387273",0.0555555555555556
"human","389124",0.0555555555555556
"human","399968",0.0555555555555556
"human","401136",0.0555555555555556
"human","440023",0.0555555555555556
"human","440050",0.0555555555555556
"human","440519",0.0555555555555556
"human","4490",0.0555555555555556
"human","4709",0.0555555555555556
"human","503618",0.0555555555555556
"human","514",0.0555555555555556
"human","5569",0.0555555555555556
"human","57830",0.0555555555555556
"human","59351",0.0555555555555556
"human","613212",0.0555555555555556
"human","6161",0.0555555555555556
"human","6170",0.0555555555555556
"human","6356",0.0555555555555556
"human","6357",0.0555555555555556
"human","6362",0.0555555555555556
"human","6415",0.0555555555555556
"human","643155",0.0555555555555556
"human","644145",0.0555555555555556
"human","644444",0.0555555555555556
"human","647121",0.0555555555555556
"human","653240",0.0555555555555556
"human","6990",0.0555555555555556
"human","728299",0.0555555555555556
"human","746",0.0555555555555556
"human","83755",0.0555555555555556
"human","84616",0.0555555555555556
"human","84651",0.0555555555555556
"human","84987",0.0555555555555556
"human","8519",0.0555555555555556
"human","85285",0.0555555555555556
"human","388698",0.0528143274853801
"human","84328",0.0522222222222222
"human","100507679",0.0520697775299002
"human","113835",0.0517676767676768
"human","10228",0.0515873015873016
"human","5996",0.0515873015873016
"human","127124",0.0506535947712418
"human","390195",0.0506535947712418
"human","653808",0.0506535947712418
"human","388697",0.0505847953216374
"human","4257",0.05
"human","2280",0.05
"human","119504",0.0491452991452992
"human","389073",0.0491452991452992
"human","440051",0.0491452991452992
"human","56158",0.0491452991452992
"human","728224",0.0491452991452992
"human","85289",0.0491452991452992
"human","85291",0.0491452991452992
"human","5686",0.0488888888888889
"human","26219",0.0486111111111111
"human","81061",0.0486111111111111
"human","10513",0.0482456140350877
"human","100271836",0.047979797979798
"human","154907",0.047979797979798
"human","23643",0.047979797979798
"human","253635",0.047979797979798
"human","337882",0.047979797979798
"human","3858",0.047979797979798
"human","387264",0.047979797979798
"human","388813",0.047979797979798
"human","440153",0.047979797979798
"human","504191",0.047979797979798
"human","641298",0.047979797979798
"human","79785",0.047979797979798
"human","98",0.047979797979798
"human","25978",0.0474910394265233
"human","4071",0.0474910394265233
"human","219965",0.0472222222222222
"human","51348",0.0470521541950113
"human","147741",0.0467836257309941
"human","343099",0.0467836257309941
"human","567",0.0467836257309941
"human","1178",0.0462962962962963
"human","118426",0.0462962962962963
"human","245930",0.0462962962962963
"human","26595",0.0462962962962963
"human","337960",0.0462962962962963
"human","387266",0.0462962962962963
"human","388692",0.0462962962962963
"human","390148",0.0462962962962963
"human","390271",0.0462962962962963
"human","441369",0.0462962962962963
"human","442862",0.0462962962962963
"human","50511",0.0462962962962963
"human","50836",0.0462962962962963
"human","594857",0.0462962962962963
"human","7103",0.0462962962962963
"human","729603",0.0462962962962963
"human","84932",0.0462962962962963
"human","8743",0.0462962962962963
"human","90624",0.0462962962962963
"human","9081",0.0462962962962963
"human","9341",0.0462962962962963
"human","80705",0.0461922596754057
"human","137835",0.046031746031746
"human","374864",0.045959595959596
"human","57489",0.0458937198067633
"human","84460",0.0458937198067633
"human","80254",0.0458418541240627
"human","286499",0.0457516339869281
"human","7697",0.045668549905838
"human","10800",0.0455555555555556
"human","124512",0.0455555555555556
"human","144608",0.0455555555555556
"human","50831",0.0455555555555556
"human","50840",0.0455555555555556
"human","11154",0.0453216374269006
"human","10575",0.0452991452991453
"human","5890",0.0452815829528158
"human","169270",0.0451388888888889
"human","1990",0.0451388888888889
"human","257415",0.0451388888888889
"human","282775",0.0451388888888889
"human","2856",0.0451388888888889
"human","3445",0.0451388888888889
"human","353324",0.0451388888888889
"human","3848",0.0451388888888889
"human","50852",0.0451388888888889
"human","5193",0.0451388888888889
"human","55088",0.0451388888888889
"human","649446",0.0451388888888889
"human","729171",0.0451388888888889
"human","54819",0.0449921752738654
"human","90592",0.0449921752738654
"human","339965",0.0447413061916879
"human","120065",0.0446859903381642
"human","284827",0.0446859903381642
"human","79334",0.0446859903381642
"human","84057",0.0446859903381642
"human","80723",0.0444444444444445
"human","10190",0.0441919191919192
"human","58533",0.0441520467836257
"human","51213",0.0439814814814815
"human","10111",0.0439068100358423
"human","2803",0.043859649122807
"human","100131902",0.0436507936507936
"human","100886964",0.0436507936507936
"human","119369",0.0436507936507936
"human","132203",0.0436507936507936
"human","134466",0.0436507936507936
"human","144448",0.0436507936507936
"human","148198",0.0436507936507936
"human","148823",0.0436507936507936
"human","149840",0.0436507936507936
"human","1669",0.0436507936507936
"human","1672",0.0436507936507936
"human","200132",0.0436507936507936
"human","2520",0.0436507936507936
"human","2641",0.0436507936507936
"human","284293",0.0436507936507936
"human","2996",0.0436507936507936
"human","3448",0.0436507936507936
"human","3449",0.0436507936507936
"human","353164",0.0436507936507936
"human","3574",0.0436507936507936
"human","389831",0.0436507936507936
"human","400955",0.0436507936507936
"human","404203",0.0436507936507936
"human","415117",0.0436507936507936
"human","440087",0.0436507936507936
"human","475",0.0436507936507936
"human","4888",0.0436507936507936
"human","494119",0.0436507936507936
"human","5121",0.0436507936507936
"human","51247",0.0436507936507936
"human","51646",0.0436507936507936
"human","613227",0.0436507936507936
"human","641700",0.0436507936507936
"human","646627",0.0436507936507936
"human","79366",0.0436507936507936
"human","80318",0.0436507936507936
"human","81871",0.0436507936507936
"human","83544",0.0436507936507936
"human","90488",0.0436507936507936
"human","9406",0.0436507936507936
"human","9419",0.0436507936507936
"human","9976",0.0436507936507936
"human","9982",0.0436507936507936
"human","84698",0.0433723196881092
"human","518",0.0431442080378251
"human","7556",0.0430555555555555
"human","3824",0.0429292929292929
"human","54149",0.0429292929292929
"human","3849",0.0428436911487759
"human","23548",0.0427350427350427
"human","50624",0.0427350427350427
"human","55216",0.0426689576174112
"human","2804",0.0425889219248981
"human","119682",0.0423976608187134
"human","119764",0.0423976608187134
"human","122748",0.0423976608187134
"human","126638",0.0423976608187134
"human","127391",0.0423976608187134
"human","140258",0.0423976608187134
"human","26225",0.0423976608187134
"human","390058",0.0423976608187134
"human","5726",0.0423976608187134
"human","7419",0.0423976608187134
"human","192666",0.0422222222222222
"human","9648",0.0422222222222222
"human","1758",0.0421146953405018
"human","2312",0.0420524691358025
"human","137868",0.0419896640826873
"human","29896",0.0419896640826873
"human","57116",0.0419896640826873
"human","64231",0.0419896640826873
"human","160365",0.0419191919191919
"mouse","100038489",0.0555555555555556
"mouse","100039042",0.0555555555555556
"mouse","100040201",0.0555555555555556
"mouse","100040214",0.0555555555555556
"mouse","100040972",0.0555555555555556
"mouse","100042342",0.0555555555555556
"mouse","100043842",0.0555555555555556
"mouse","100043856",0.0555555555555556
"mouse","100126773",0.0555555555555556
"mouse","100312956",0.0555555555555556
"mouse","100503353",0.0555555555555556
"mouse","100503949",0.0555555555555556
"mouse","100504263",0.0555555555555556
"mouse","102638913",0.0555555555555556
"mouse","104362",0.0555555555555556
"mouse","11354",0.0555555555555556
"mouse","12626",0.0555555555555556
"mouse","13214",0.0555555555555556
"mouse","13730",0.0555555555555556
"mouse","13999",0.0555555555555556
"mouse","14659",0.0555555555555556
"mouse","16666",0.0555555555555556
"mouse","16700",0.0555555555555556
"mouse","16701",0.0555555555555556
"mouse","16704",0.0555555555555556
"mouse","16988",0.0555555555555556
"mouse","170651",0.0555555555555556
"mouse","170654",0.0555555555555556
"mouse","170656",0.0555555555555556
"mouse","170939",0.0555555555555556
"mouse","17105",0.0555555555555556
"mouse","17110",0.0555555555555556
"mouse","171279",0.0555555555555556
"mouse","17749",0.0555555555555556
"mouse","17843",0.0555555555555556
"mouse","17844",0.0555555555555556
"mouse","19981",0.0555555555555556
"mouse","20365",0.0555555555555556
"mouse","20771",0.0555555555555556
"mouse","226123",0.0555555555555556
"mouse","232415",0.0555555555555556
"mouse","246079",0.0555555555555556
"mouse","246080",0.0555555555555556
"mouse","246082",0.0555555555555556
"mouse","246083",0.0555555555555556
"mouse","258946",0.0555555555555556
"mouse","278203",0.0555555555555556
"mouse","320722",0.0555555555555556
"mouse","353320",0.0555555555555556
"mouse","380845",0.0555555555555556
"mouse","381418",0.0555555555555556
"mouse","381531",0.0555555555555556
"mouse","383295",0.0555555555555556
"mouse","403395",0.0555555555555556
"mouse","432825",0.0555555555555556
"mouse","433180",0.0555555555555556
"mouse","434459",0.0555555555555556
"mouse","435285",0.0555555555555556
"mouse","544881",0.0555555555555556
"mouse","545490",0.0555555555555556
"mouse","574081",0.0555555555555556
"mouse","620858",0.0555555555555556
"mouse","627873",0.0555555555555556
"mouse","640627",0.0555555555555556
"mouse","66364",0.0555555555555556
"mouse","66402",0.0555555555555556
"mouse","665205",0.0555555555555556
"mouse","66576",0.0555555555555556
"mouse","668200",0.0555555555555556
"mouse","66845",0.0555555555555556
"mouse","67328",0.0555555555555556
"mouse","67391",0.0555555555555556
"mouse","68172",0.0555555555555556
"mouse","68479",0.0555555555555556
"mouse","68484",0.0555555555555556
"mouse","68637",0.0555555555555556
"mouse","68740",0.0555555555555556
"mouse","71392",0.0555555555555556
"mouse","73545",0.0555555555555556
"mouse","75497",0.0555555555555556
"mouse","76409",0.0555555555555556
"mouse","80796",0.0555555555555556
"mouse","81007",0.0555555555555556
"mouse","83408",0.0555555555555556
"mouse","97122",0.0555555555555556
"mouse","258732",0.053030303030303
"mouse","68723",0.0529499603827635
"mouse","257872",0.0528673835125448
"mouse","26560",0.0526819923371648
"mouse","258094",0.0524691358024691
"mouse","258734",0.0522222222222222
"mouse","258949",0.0522222222222222
"mouse","258308",0.0519323671497585
"mouse","258393",0.0519323671497585
"mouse","258838",0.0519323671497585
"mouse","259055",0.0519323671497585
"mouse","387352",0.0519323671497585
"mouse","53878",0.0519323671497585
"mouse","665998",0.0519323671497585
"mouse","258166",0.0515873015873016
"mouse","258368",0.0515873015873016
"mouse","258676",0.0515873015873016
"mouse","381716",0.0511695906432749
"mouse","171252",0.0511695906432748
"mouse","236781",0.0511695906432748
"mouse","258436",0.0511695906432748
"mouse","258562",0.0511695906432748
"mouse","258636",0.0511695906432748
"mouse","259080",0.0511695906432748
"mouse","66654",0.0511695906432748
"mouse","434903",0.0508739076154806
"mouse","102631730",0.0506535947712418
"mouse","109901",0.0506535947712418
"mouse","258924",0.0506535947712418
"mouse","258989",0.0506535947712418
"mouse","433107",0.0506535947712418
"mouse","667992",0.0506535947712418
"mouse","57896",0.050453514739229
"mouse","258492",0.0503472222222222
"mouse","268905",0.0503472222222222
"mouse","667962",0.0503003003003003
"mouse","30053",0.0502364066193853
"mouse","245695",0.05
"mouse","258236",0.05
"mouse","258564",0.05
"mouse","258587",0.05
"mouse","258925",0.05
"mouse","387341",0.05
"mouse","626848",0.05
"mouse","628308",0.05
"mouse","667273",0.05
"mouse","667281",0.05
"mouse","258241",0.0496031746031746
"mouse","258374",0.0496031746031746
"mouse","258643",0.0496031746031746
"mouse","259011",0.0496031746031746
"mouse","100126765",0.0491452991452992
"mouse","171234",0.0491452991452992
"mouse","18350",0.0491452991452992
"mouse","19692",0.0491452991452992
"mouse","224065",0.0491452991452992
"mouse","252910",0.0491452991452992
"mouse","257734",0.0491452991452992
"mouse","257951",0.0491452991452992
"mouse","258584",0.0491452991452992
"mouse","258598",0.0491452991452992
"mouse","258604",0.0491452991452992
"mouse","258620",0.0491452991452992
"mouse","258738",0.0491452991452992
"mouse","385338",0.0491452991452992
"mouse","387342",0.0491452991452992
"mouse","69369",0.0491452991452992
"mouse","80901",0.0491452991452992
"mouse","12992",0.0487987987987988
"mouse","258361",0.0486111111111111
"mouse","258489",0.0486111111111111
"mouse","258693",0.0486111111111111
"mouse","258953",0.0486111111111111
"mouse","259163",0.0486111111111111
"mouse","383243",0.0486111111111111
"mouse","574417",0.0486111111111111
"mouse","16681",0.0481715893108298
"mouse","100041895",0.047979797979798
"mouse","113845",0.047979797979798
"mouse","16820",0.047979797979798
"mouse","171235",0.047979797979798
"mouse","239790",0.047979797979798
"mouse","246779",0.047979797979798
"mouse","258042",0.047979797979798
"mouse","258435",0.047979797979798
"mouse","258486",0.047979797979798
"mouse","258628",0.047979797979798
"mouse","258639",0.047979797979798
"mouse","258728",0.047979797979798
"mouse","258865",0.047979797979798
"mouse","258900",0.047979797979798
"mouse","259056",0.047979797979798
"mouse","259144",0.047979797979798
"mouse","404317",0.047979797979798
"mouse","545007",0.047979797979798
"mouse","654818",0.047979797979798
"mouse","67366",0.047979797979798
"mouse","68501",0.047979797979798
"mouse","75572",0.047979797979798
"mouse","72310",0.0476190476190476
"mouse","100041678",0.0474910394265233
"mouse","113846",0.0472222222222222
"mouse","22296",0.0472222222222222
"mouse","258120",0.0472222222222222
"mouse","258156",0.0472222222222222
"mouse","258401",0.0472222222222222
"mouse","258456",0.0472222222222222
"mouse","258945",0.0472222222222222
"mouse","258947",0.0472222222222222
"mouse","258988",0.0472222222222222
"mouse","268670",0.0472222222222222
"mouse","75706",0.0472222222222222
"mouse","22297",0.0469348659003831
"mouse","258764",0.0469348659003831
"mouse","100036518",0.0462962962962963
"mouse","100038847",0.0462962962962963
"mouse","100039499",0.0462962962962963
"mouse","100041688",0.0462962962962963
"mouse","100041759",0.0462962962962963
"mouse","100303732",0.0462962962962963
"mouse","102577427",0.0462962962962963
"mouse","13236",0.0462962962962963
"mouse","16939",0.0462962962962963
"mouse","170657",0.0462962962962963
"mouse","171236",0.0462962962962963
"mouse","17986",0.0462962962962963
"mouse","20303",0.0462962962962963
"mouse","20941",0.0462962962962963
"mouse","20945",0.0462962962962963
"mouse","213068",0.0462962962962963
"mouse","21946",0.0462962962962963
"mouse","235973",0.0462962962962963
"mouse","257941",0.0462962962962963
"mouse","257959",0.0462962962962963
"mouse","258046",0.0462962962962963
"mouse","258181",0.0462962962962963
"mouse","258215",0.0462962962962963
"mouse","258299",0.0462962962962963
"mouse","258304",0.0462962962962963
"mouse","258334",0.0462962962962963
"mouse","258372",0.0462962962962963
"mouse","258513",0.0462962962962963
"mouse","258529",0.0462962962962963
"mouse","258641",0.0462962962962963
"mouse","258666",0.0462962962962963
"mouse","258687",0.0462962962962963
"mouse","258741",0.0462962962962963
"mouse","258780",0.0462962962962963
"mouse","258823",0.0462962962962963
"mouse","258892",0.0462962962962963
"mouse","258950",0.0462962962962963
"mouse","258964",0.0462962962962963
"mouse","259009",0.0462962962962963
"mouse","317757",0.0462962962962963
"mouse","327963",0.0462962962962963
"mouse","329575",0.0462962962962963
"mouse","382217",0.0462962962962963
"mouse","385380",0.0462962962962963
"mouse","503491",0.0462962962962963
"mouse","625480",0.0462962962962963
"mouse","66074",0.0462962962962963
"mouse","66203",0.0462962962962963
"mouse","67242",0.0462962962962963
"mouse","67985",0.0462962962962963
"mouse","69696",0.0462962962962963
"yeast","1466401",0.0555555555555556
"yeast","1466438",0.0555555555555556
"yeast","1466451",0.0555555555555556
"yeast","1466474",0.0555555555555556
"yeast","1466518",0.0555555555555556
"yeast","1466521",0.0555555555555556
"yeast","850370",0.0555555555555556
"yeast","850397",0.0555555555555556
"yeast","850468",0.0555555555555556
"yeast","850524",0.0555555555555556
"yeast","850532",0.0555555555555556
"yeast","850635",0.0555555555555556
"yeast","850662",0.0555555555555556
"yeast","850676",0.0555555555555556
"yeast","850726",0.0555555555555556
"yeast","850733",0.0555555555555556
"yeast","850737",0.0555555555555556
"yeast","850750",0.0555555555555556
"yeast","850800",0.0555555555555556
"yeast","850969",0.0555555555555556
"yeast","851035",0.0555555555555556
"yeast","851058",0.0555555555555556
"yeast","851104",0.0555555555555556
"yeast","851122",0.0555555555555556
"yeast","851162",0.0555555555555556
"yeast","851183",0.0555555555555556
"yeast","851260",0.0555555555555556
"yeast","851275",0.0555555555555556
"yeast","851336",0.0555555555555556
"yeast","851478",0.0555555555555556
"yeast","851811",0.0555555555555556
"yeast","851869",0.0555555555555556
"yeast","851990",0.0555555555555556
"yeast","852058",0.0555555555555556
"yeast","852072",0.0555555555555556
"yeast","852082",0.0555555555555556
"yeast","852206",0.0555555555555556
"yeast","852253",0.0555555555555556
"yeast","852254",0.0555555555555556
"yeast","852283",0.0555555555555556
"yeast","852359",0.0555555555555556
"yeast","852603",0.0555555555555556
"yeast","852754",0.0555555555555556
"yeast","852852",0.0555555555555556
"yeast","852853",0.0555555555555556
"yeast","852922",0.0555555555555556
"yeast","853095",0.0555555555555556
"yeast","853106",0.0555555555555556
"yeast","853210",0.0555555555555556
"yeast","853232",0.0555555555555556
"yeast","853248",0.0555555555555556
"yeast","853249",0.0555555555555556
"yeast","853250",0.0555555555555556
"yeast","853282",0.0555555555555556
"yeast","853305",0.0555555555555556
"yeast","853395",0.0555555555555556
"yeast","853506",0.0555555555555556
"yeast","853557",0.0555555555555556
"yeast","853587",0.0555555555555556
"yeast","853656",0.0555555555555556
"yeast","853765",0.0555555555555556
"yeast","853805",0.0555555555555556
"yeast","853864",0.0555555555555556
"yeast","853931",0.0555555555555556
"yeast","853993",0.0555555555555556
"yeast","854003",0.0555555555555556
"yeast","854028",0.0555555555555556
"yeast","854040",0.0555555555555556
"yeast","854117",0.0555555555555556
"yeast","854118",0.0555555555555556
"yeast","854174",0.0555555555555556
"yeast","854229",0.0555555555555556
"yeast","854338",0.0555555555555556
"yeast","854409",0.0555555555555556
"yeast","854468",0.0555555555555556
"yeast","854551",0.0555555555555556
"yeast","854565",0.0555555555555556
"yeast","854668",0.0555555555555556
"yeast","854759",0.0555555555555556
"yeast","854859",0.0555555555555556
"yeast","854939",0.0555555555555556
"yeast","854980",0.0555555555555556
"yeast","854982",0.0555555555555556
"yeast","854984",0.0555555555555556
"yeast","855096",0.0555555555555556
"yeast","855143",0.0555555555555556
"yeast","855153",0.0555555555555556
"yeast","855174",0.0555555555555556
"yeast","855232",0.0555555555555556
"yeast","855293",0.0555555555555556
"yeast","855375",0.0555555555555556
"yeast","855414",0.0555555555555556
"yeast","855543",0.0555555555555556
"yeast","855592",0.0555555555555556
"yeast","855601",0.0555555555555556
"yeast","855701",0.0555555555555556
"yeast","855717",0.0555555555555556
"yeast","855767",0.0555555555555556
"yeast","855826",0.0555555555555556
"yeast","855960",0.0555555555555556
"yeast","856195",0.0555555555555556
"yeast","856388",0.0555555555555556
"yeast","856415",0.0555555555555556
"yeast","856579",0.0555555555555556
"yeast","856600",0.0555555555555556
"yeast","856662",0.0555555555555556
"yeast","856677",0.0555555555555556
"yeast","856693",0.0555555555555556
"yeast","856729",0.0555555555555556
"yeast","856767",0.0555555555555556
"yeast","856784",0.0555555555555556
"yeast","856805",0.0555555555555556
"yeast","852370",0.0545007032348804
"yeast","855224",0.0542328042328042
"yeast","854301",0.0538548752834467
"yeast","853064",0.053743961352657
"yeast","853281",0.0534188034188034
"yeast","854804",0.0529239766081871
"yeast","852343",0.0528673835125448
"yeast","853169",0.0528673835125448
"yeast","854557",0.0528673835125448
"yeast","851193",0.0524691358024691
"yeast","853465",0.0522222222222222
"yeast","850590",0.0519323671497585
"yeast","850636",0.0519323671497585
"yeast","853262",0.0519323671497585
"yeast","850825",0.0517676767676768
"yeast","852495",0.0517676767676768
"yeast","852487",0.0515873015873016
"yeast","852876",0.0512820512820513
"yeast","851087",0.0511695906432748
"yeast","851369",0.0511695906432748
"yeast","851636",0.0511695906432748
"yeast","852113",0.0511695906432748
"yeast","852284",0.0511695906432748
"yeast","855512",0.0511695906432748
"yeast","850951",0.0508739076154806
"yeast","850499",0.0506535947712418
"yeast","853705",0.0506535947712418
"yeast","854263",0.0506535947712418
"yeast","851052",0.05
"yeast","851152",0.05
"yeast","851620",0.05
"yeast","852639",0.05
"yeast","854068",0.05
"yeast","854673",0.05
"yeast","854902",0.05
"yeast","855628",0.05
"yeast","856015",0.05
"yeast","856250",0.05
"yeast","856492",0.05
"yeast","853196",0.0496031746031746
"yeast","853693",0.0494579945799458
"yeast","853615",0.0493827160493827
"yeast","850682",0.0491452991452992
"yeast","851427",0.0491452991452992
"yeast","852037",0.0491452991452992
"yeast","852111",0.0491452991452992
"yeast","852911",0.0491452991452992
"yeast","853692",0.0491452991452992
"yeast","856026",0.0491452991452992
"yeast","856070",0.0491452991452992
"yeast","856217",0.0491452991452992
"yeast","855355",0.0489766081871345
"yeast","854683",0.0488888888888889
"yeast","854948",0.0488888888888889
"yeast","853155",0.0488505747126437
"yeast","856589",0.0487987987987988
"yeast","851810",0.0486111111111111
"yeast","852191",0.0486111111111111
"yeast","853303",0.0486111111111111
"yeast","855881",0.0486111111111111
"yeast","854836",0.0485923929320156
"yeast","855245",0.0485274431057564
"yeast","851107",0.0484126984126984
"yeast","850882",0.047979797979798
"yeast","850994",0.047979797979798
"yeast","851037",0.047979797979798
"yeast","851229",0.047979797979798
"yeast","852185",0.047979797979798
"yeast","852319",0.047979797979798
"yeast","852923",0.047979797979798
"yeast","852976",0.047979797979798
"yeast","853051",0.047979797979798
"yeast","853610",0.047979797979798
"yeast","853809",0.047979797979798
"yeast","853969",0.047979797979798
"yeast","855612",0.047979797979798
"yeast","856352",0.047979797979798
"yeast","856687",0.047979797979798
"yeast","854637",0.047823596792669
"yeast","851944",0.0476939203354298
"yeast","853503",0.0476939203354298
"yeast","854173",0.047542735042735
"yeast","856044",0.0474910394265233
"yeast","851943",0.0473856209150327
"yeast","850843",0.0472222222222222
"yeast","851649",0.0472222222222222
"yeast","853916",0.0472222222222222
"yeast","855655",0.0472222222222222
"yeast","855972",0.0472222222222222
"yeast","856024",0.0472222222222222
"yeast","852250",0.0469348659003831
"yeast","853199",0.0469348659003831
"yeast","855836",0.0466269841269841
"yeast","856825",0.0465811965811966
"yeast","1466516",0.0462962962962963
"yeast","850695",0.0462962962962963
"yeast","851169",0.0462962962962963
"yeast","852313",0.0462962962962963
"yeast","852337",0.0462962962962963
"yeast","852406",0.0462962962962963
"yeast","852459",0.0462962962962963
"yeast","852625",0.0462962962962963
"yeast","853123",0.0462962962962963
"yeast","853674",0.0462962962962963
"yeast","855416",0.0462962962962963
"yeast","855654",0.0462962962962963
"yeast","855658",0.0462962962962963
"yeast","856149",0.0462962962962963
"yeast","856272",0.0462962962962963
"yeast","856487",0.0462962962962963
"yeast","856547",0.0462962962962963
"yeast","852825",0.0457516339869281
"yeast","851295",0.045668549905838
"yeast","851575",0.0455555555555556
"yeast","851363",0.0451388888888889
"yeast","852296",0.0451388888888889
"yeast","853348",0.0451388888888889
"yeast","853463",0.0451388888888889
"yeast","853682",0.0451388888888889
"yeast","853766",0.0451388888888889
"yeast","855012",0.0451388888888889
"yeast","851676",0.0448717948717949
"yeast","851069",0.0446859903381642
"yeast","851259",0.0446859903381642
"yeast","851548",0.0446859903381642
"yeast","852951",0.0446859903381642
"yeast","853967",0.0446859903381642
"yeast","856465",0.0446859903381642
"yeast","851539",0.0444444444444445
"yeast","855611",0.0442942942942943
"yeast","856494",0.0441919191919192
"yeast","853418",0.0441176470588235
"yeast","1466475",0.0436507936507936
"yeast","1466497",0.0436507936507936
"yeast","5142379",0.0436507936507936
"yeast","850864",0.0436507936507936
"yeast","851068",0.0436507936507936
"yeast","852730",0.0436507936507936
"zebrafish","100004395",0.0555555555555556
"zebrafish","100034574",0.0555555555555556
"zebrafish","100093704",0.0555555555555556
"zebrafish","100126807",0.0555555555555556
"zebrafish","100141481",0.0555555555555556
"zebrafish","100174951",0.0555555555555556
"zebrafish","100536515",0.0555555555555556
"zebrafish","103911624",0.0555555555555556
"zebrafish","246712",0.0555555555555556
"zebrafish","30324",0.0555555555555556
"zebrafish","337731",0.0555555555555556
"zebrafish","368214",0.0555555555555556
"zebrafish","368852",0.0555555555555556
"zebrafish","402805",0.0555555555555556
"zebrafish","402807",0.0555555555555556
"zebrafish","406307",0.0555555555555556
"zebrafish","415187",0.0555555555555556
"zebrafish","436759",0.0555555555555556
"zebrafish","436760",0.0555555555555556
"zebrafish","436856",0.0555555555555556
"zebrafish","447922",0.0555555555555556
"zebrafish","448856",0.0555555555555556
"zebrafish","571263",0.0555555555555556
"zebrafish","58028",0.0555555555555556
"zebrafish","58143",0.0555555555555556
"zebrafish","678563",0.0555555555555556
"zebrafish","751633",0.0555555555555556
"zebrafish","791105",0.0555555555555556
"zebrafish","796803",0.0555555555555556
"zebrafish","798787",0.0555555555555556
"zebrafish","445051",0.0531746031746032
"zebrafish","100884153",0.0519323671497585
"zebrafish","445282",0.0511695906432748
"zebrafish","336610",0.0506535947712418
"zebrafish","100301575",0.05
"zebrafish","678614",0.05
"zebrafish","100000175",0.0491452991452992
"zebrafish","100034415",0.0491452991452992
"zebrafish","100141361",0.0491452991452992
"zebrafish","373076",0.0491452991452992
"zebrafish","415228",0.0491452991452992
"zebrafish","558470",0.0491452991452992
"zebrafish","790917",0.0491452991452992
"zebrafish","798039",0.0491452991452992
"zebrafish","799807",0.0491452991452992
"zebrafish","100151129",0.0486111111111111
"zebrafish","100126134",0.047979797979798
"zebrafish","30328",0.047979797979798
"zebrafish","402948",0.047979797979798
"zebrafish","436681",0.047979797979798
"zebrafish","436854",0.047979797979798
"zebrafish","553177",0.047979797979798
"zebrafish","553315",0.047979797979798
"zebrafish","751684",0.047979797979798
"zebrafish","795575",0.047979797979798
"zebrafish","797707",0.047979797979798
"zebrafish","550522",0.0476190476190476
"zebrafish","30327",0.0469348659003831
"zebrafish","100124618",0.0462962962962963
"zebrafish","100334599",0.0462962962962963
"zebrafish","30597",0.0462962962962963
"zebrafish","336211",0.0462962962962963
"zebrafish","402901",0.0462962962962963
"zebrafish","406464",0.0462962962962963
"zebrafish","406714",0.0462962962962963
"zebrafish","415209",0.0462962962962963
"zebrafish","566558",0.0462962962962963
"zebrafish","567858",0.0462962962962963
"zebrafish","569000",0.0462962962962963
"zebrafish","572729",0.0462962962962963
"zebrafish","792062",0.0462962962962963
"zebrafish","100124615",0.0451388888888889
"zebrafish","556765",0.0451388888888889
"zebrafish","562301",0.0451388888888889
"zebrafish","797433",0.0451388888888889
"zebrafish","100884137",0.0446859903381642
"zebrafish","100884151",0.0446859903381642
"zebrafish","100884154",0.0446859903381642
"zebrafish","335396",0.0446859903381642
"zebrafish","492323",0.0446859903381642
"zebrafish","797351",0.0446859903381642
"zebrafish","335124",0.0444444444444445
"zebrafish","100884152",0.0443615257048093
"zebrafish","100000341",0.0436507936507936
"zebrafish","100000771",0.0436507936507936
"zebrafish","100007836",0.0436507936507936
"zebrafish","100148328",0.0436507936507936
"zebrafish","100331830",0.0436507936507936
"zebrafish","100331909",0.0436507936507936
"zebrafish","192321",0.0436507936507936
"zebrafish","324088",0.0436507936507936
"zebrafish","336391",0.0436507936507936
"zebrafish","336655",0.0436507936507936
"zebrafish","403048",0.0436507936507936
"zebrafish","405774",0.0436507936507936
"zebrafish","436611",0.0436507936507936
"zebrafish","436855",0.0436507936507936
"zebrafish","447871",0.0436507936507936
"zebrafish","449788",0.0436507936507936
"zebrafish","541432",0.0436507936507936
"zebrafish","553474",0.0436507936507936
"zebrafish","553609",0.0436507936507936
"zebrafish","554128",0.0436507936507936
"zebrafish","559662",0.0436507936507936
"zebrafish","562807",0.0436507936507936
"zebrafish","567959",0.0436507936507936
"zebrafish","568958",0.0436507936507936
"zebrafish","574001",0.0436507936507936
"zebrafish","793937",0.0436507936507936
"zebrafish","795020",0.0436507936507936
"zebrafish","798111",0.0436507936507936
"zebrafish","100003819",0.0429292929292929
"zebrafish","100000463",0.0423976608187134
"zebrafish","553945",0.0423976608187134
"zebrafish","567708",0.0423976608187134
"zebrafish","65223",0.0423976608187134
"zebrafish","794486",0.0423976608187134
"zebrafish","100142634",0.0421146953405018
"zebrafish","550250",0.0419896640826873
"zebrafish","100000256",0.0416666666666667
"zebrafish","100005931",0.0416666666666667
"zebrafish","100034599",0.0416666666666667
"zebrafish","100038780",0.0416666666666667
"zebrafish","100150721",0.0416666666666667
"zebrafish","321872",0.0416666666666667
"zebrafish","322126",0.0416666666666667
"zebrafish","335563",0.0416666666666667
"zebrafish","415191",0.0416666666666667
"zebrafish","415232",0.0416666666666667
"zebrafish","445029",0.0416666666666667
"zebrafish","493628",0.0416666666666667
"zebrafish","494055",0.0416666666666667
"zebrafish","550519",0.0416666666666667
"zebrafish","553710",0.0416666666666667
"zebrafish","559705",0.0416666666666667
"zebrafish","559830",0.0416666666666667
"zebrafish","790908",0.0416666666666667
"zebrafish","795554",0.0416666666666667
"zebrafish","798701",0.0416666666666667
"zebrafish","81541",0.0416666666666667
"zebrafish","246275",0.0414862914862915
"zebrafish","100126100",0.0408496732026144
"zebrafish","100147856",0.0408496732026144
"zebrafish","322226",0.0408496732026144
"zebrafish","436904",0.0408496732026144
"zebrafish","566620",0.0408496732026144
"zebrafish","767658",0.0408496732026144
"zebrafish","334274",0.0404953145917001
"zebrafish","100001239",0.0404040404040404
"zebrafish","450007",0.0404040404040404
"zebrafish","799038",0.0404040404040404
"zebrafish","170970",0.0401234567901235
"zebrafish","678539",0.0401234567901235
"zebrafish","100884138",0.0399305555555556
"zebrafish","677740",0.0396825396825397
"zebrafish","324197",0.0395299145299145
"zebrafish","101885652",0.0394179894179894
"zebrafish","100001550",0.0388888888888889
"zebrafish","100005083",0.0388888888888889
"zebrafish","100037351",0.0388888888888889
"zebrafish","100101462",0.0388888888888889
"zebrafish","100124595",0.0388888888888889
"zebrafish","100124601",0.0388888888888889
"zebrafish","100147989",0.0388888888888889
"zebrafish","100149345",0.0388888888888889
"zebrafish","100149635",0.0388888888888889
"zebrafish","100150158",0.0388888888888889
"zebrafish","100151312",0.0388888888888889
"zebrafish","100151410",0.0388888888888889
"zebrafish","100170809",0.0388888888888889
"zebrafish","100170830",0.0388888888888889
"zebrafish","100190888",0.0388888888888889
"zebrafish","100216485",0.0388888888888889
"zebrafish","100333194",0.0388888888888889
"zebrafish","100333981",0.0388888888888889
"zebrafish","103908919",0.0388888888888889
"zebrafish","170995",0.0388888888888889
"zebrafish","192328",0.0388888888888889
"zebrafish","30314",0.0388888888888889
"zebrafish","321502",0.0388888888888889
"zebrafish","336702",0.0388888888888889
"zebrafish","393346",0.0388888888888889
"zebrafish","393355",0.0388888888888889
"zebrafish","393780",0.0388888888888889
"zebrafish","394152",0.0388888888888889
"zebrafish","406367",0.0388888888888889
"zebrafish","436641",0.0388888888888889
"zebrafish","436767",0.0388888888888889
"zebrafish","436808",0.0388888888888889
"zebrafish","445238",0.0388888888888889
"zebrafish","445307",0.0388888888888889
"zebrafish","447884",0.0388888888888889
"zebrafish","492336",0.0388888888888889
"zebrafish","503586",0.0388888888888889
"zebrafish","503594",0.0388888888888889
"zebrafish","541521",0.0388888888888889
"zebrafish","550244",0.0388888888888889
"zebrafish","550408",0.0388888888888889
"zebrafish","553800",0.0388888888888889
"zebrafish","553966",0.0388888888888889
"zebrafish","554134",0.0388888888888889
"zebrafish","554157",0.0388888888888889
"zebrafish","558501",0.0388888888888889
"zebrafish","561329",0.0388888888888889
"zebrafish","561929",0.0388888888888889
"zebrafish","565962",0.0388888888888889
"zebrafish","566692",0.0388888888888889
"zebrafish","568997",0.0388888888888889
"zebrafish","58142",0.0388888888888889
"zebrafish","60646",0.0388888888888889
"zebrafish","60647",0.0388888888888889
"zebrafish","677756",0.0388888888888889
"zebrafish","678556",0.0388888888888889
"zebrafish","767659",0.0388888888888889
"zebrafish","767782",0.0388888888888889
"zebrafish","768140",0.0388888888888889
"zebrafish","793798",0.0388888888888889
"zebrafish","793804",0.0388888888888889
"zebrafish","795141",0.0388888888888889
"zebrafish","798811",0.0388888888888889
"zebrafish","799177",0.0388888888888889
"zebrafish","80360",0.0388888888888889
"zebrafish","799300",0.0384615384615385
"zebrafish","406775",0.0383141762452107
"zebrafish","724003",0.0381136950904393
"zebrafish","553371",0.0380116959064327
"zebrafish","560232",0.0380116959064327
"zebrafish","170986",0.0378787878787879
"zebrafish","101885212",0.0377652933832709
"zebrafish","100034647",0.0376984126984127
"zebrafish","445032",0.0376984126984127
"zebrafish","445236",0.0376984126984127
"zebrafish","562315",0.0376984126984127
"zebrafish","692298",0.0375816993464052
"zebrafish","100142646",0.0375375375375375
"zebrafish","100002635",0.03743961352657
"zebrafish","100093709",0.03743961352657
"zebrafish","100137123",0.03743961352657
"zebrafish","100535672",0.03743961352657
"zebrafish","105665605",0.03743961352657
"zebrafish","30722",0.03743961352657
"zebrafish","322453",0.03743961352657
"zebrafish","560927",0.03743961352657
"zebrafish","60649",0.03743961352657
"zebrafish","790942",0.03743961352657
"zebrafish","436594",0.0371939736346516
"zebrafish","100001364",0.037037037037037
"zebrafish","100149214",0.037037037037037
"zebrafish","100170839",0.037037037037037
"zebrafish","30763",0.037037037037037
